Texto criptografado;Senha;Texto descriptografado
UAXAARMPZEAEVTIMTUOAZEA;IA;MAPAS REPRESENTAM LUGARES
WJTEQIJSJOKLLM;EVOLUISOFTWAR;SOFTWARE EVOLUI
TETUGUAJUDBNCGNCONUSCTERROT;AABBCCAA;TESTES AJUDAM A ENCONTRAR ERROS
MPSHXHNDQQNOIIAHVEMUCTGGODBEDUR;MESOPOTAMIALAGASH;A LATITUDE INDICA POSICOES NORTESUL
TLQPMUPTJWFLSXVGCEHRGJENWKKAYIUKONMUAEHE;CHAVE;REQUISITOS DESCREVEM NECESSIDADES DO SISTEMA
UUTOITTGFEAQVKUSUFQTFUNFEKCLYRKNUVKOHQEU;UFCACCT;A PROGRAMACAO TRANSFORMA IDEIAS EM INSTRUCOES
QWIPDWILKNIWYTAZRMECLUCZUMEIFYRTCYNEEMPLHUEDJODLHZEYEGEYEMNLJORLYM;QUAL;A CIENCIA UTILIZA OBSERVACOES EXPERIMENTOS PARA ESTUDAR FENOMENOS NATURAIS
UNCHVNCBQOBTENCVJCASGNBCIPPCWALPTGTDEFPVSADBEQNVAMQTFSDFUCJDA;ABCCBA;UMA FUNCAO MATEMATICA RELACIONA VALORES DE ENTRADA COM VALORES DE SAIDA
GGRTLXJTLWQBVXDRAAGHHLJOSFFKAMIDKSSMWOVKWAJGPLJOJSXXJQVRFCJLLXTNYSTZNXWHUC;SOFTWXRZ;OS MAPAS UTILIZAM SIMBOLOS PARA REPRESENTAR ELEMENTOS PRESENTES NO ESPACO GEOGRAFICO
CKAAMQMCKICYAACKRWSRGDUZNVFMMFWKHWMNLLKSKKFMDNGDSASRTLSWFZGFRNQSCIURTRARSIOYABFYOFIMTZAAYIOZDRHWFJIGHZOCVLFMNGSEIATBLAKQMCCE;OSANTIGOSROMANOS;OS ANTIGOS ROMANOS DESENVOLVERAM SISTEMAS DE ESTRADAS LEIS E ADMINISTRACAO QUE AJUDARAM A ORGANIZAR UM GRANDE TERRITORIO DURANTE MUITOS SECULOS
VMJYPETEQUFKEHIZMPEEEQMSMOGDKECIEEUKFCCPTGVEIJYNBFUONUGWGEDFGUHFMKZKIAHVVRZTSLZUGWRWTSNPJIENBXEGIXMCAJVXKTOGNVTSOWZDANWRYPEFJQQJECJVZVNHR;VIGENERECIFRA;A EDUCACAO MATEMATICA NAO ENVOLVE APENAS CALCULAR RESULTADOS MAS TAMBEM COMPREENDER PROBLEMAS ESCOLHER ESTRATEGIAS E EXPLICAR COMO UMA SOLUCAO FOI ENCONTRADA
QOWFVGUZEUXQTKIXBREAHRFCIKTFMYCEEUXQUJZFETUNEDYMHIEJWCUOGIBRQWKIBAKHXLKYENKRGGPWHRLGIPIDTQTAKFOCHJSVZPQJHVLAEJWKKSSKIJ;QWERTY;AS SOCIEDADES DO EGITO E DA MESOPOTAMIA DESENVOLVERAM FORMAS DE ESCRITA AGRICULTURA ORGANIZADA SISTEMAS DE GOVERNO E GRANDES CONSTRUCOES
ODEOGGWTUUQRYOGCOKCPLFIRUDCSMVIUCEFOCEUTLLEOYJCRGRBEHRFAMECMYDQRCR;URCA;UM COMPUTADOR EXECUTA PROGRAMAS SEGUINDO INSTRUCOES ARMAZENADAS NA MEMORIA
